r2,port1,port2,port3,port4
0.171163,0.207823,0.179522,0.224956,0.244838
0.280636,0.419463,0.394508,0.358815,0.368542
0.239079,0.380066,0.30129,0.355739,0.26437
0.213745,0.269753,0.323711,0.24943,0.317697
0.129644,0.166474,0.151153,0.115677,0.11369
0.129639,0.170668,0.138839,0.116754,0.105572
0.111036,0.194192,0.190396,0.132844,0.142351
0.264573,0.324268,0.445714,0.339218,0.233988
0.214212,0.265208,0.320152,0.255283,0.327646
0.234534,0.339573,0.323252,0.356172,0.285406
0.103911,0.197633,0.198909,0.126424,0.118873
0.284283,0.369166,0.356272,0.292765,0.356178
0.258164,0.200681,0.414503,0.24347,0.256554
0.140344,0.09758,0.145187,0.143233,0.140651
0.134547,0.129391,0.146154,0.132278,0.122226
0.134847,0.145106,0.13812,0.126833,0.120817
0.157806,0.328713,0.289849,0.20029,0.205519
0.199704,0.277584,0.314209,0.208254,0.322487
0.18207,0.224138,0.297992,0.215605,0.274621
0.155334,0.265636,0.263243,0.185204,0.179207
0.216252,0.277981,0.332908,0.265556,0.311123
0.126504,0.176725,0.154739,0.141351,0.103192
0.155507,0.271227,0.25995,0.186505,0.179037
0.169609,0.222067,0.179162,0.212495,0.239656
0.186653,0.241395,0.258194,0.243728,0.244218
0.249183,0.317074,0.28702,0.297154,0.299929
0.137938,0.123611,0.143497,0.143909,0.136447
0.197705,0.268157,0.312045,0.222195,0.286878
0.212559,0.272991,0.305255,0.262032,0.334516
0.108826,0.175971,0.206709,0.131893,0.139824
0.215434,0.266959,0.313771,0.261045,0.315902
0.1324,0.144337,0.148063,0.120258,0.117632
0.11236,0.203115,0.201789,0.153553,0.135935
0.280288,0.437688,0.405052,0.368014,0.370887
0.28347,0.389072,0.364095,0.325839,0.356029
0.253595,0.232467,0.340597,0.271738,0.26694
0.157877,0.332623,0.275752,0.199919,0.204275
0.118558,0.215264,0.16577,0.137597,0.143297
0.230004,0.321685,0.306312,0.334176,0.282806
0.183629,0.240087,0.278441,0.211745,0.26313
0.123187,0.194658,0.160103,0.123022,0.125948
0.194084,0.278799,0.280904,0.252188,0.267338
0.106534,0.202148,0.204592,0.130663,0.124666
0.272771,0.502782,0.424358,0.456129,0.300922
0.149168,0.10273,0.17172,0.15766,0.141637
0.225879,0.311829,0.313765,0.31982,0.307347
0.159225,0.365418,0.291139,0.212564,0.206606
0.198813,0.268104,0.326813,0.224351,0.317201
0.203875,0.264145,0.328418,0.232429,0.348304
0.135122,0.133175,0.144006,0.131697,0.128441
0.284221,0.357733,0.361891,0.284623,0.358457
0.247275,0.336781,0.29579,0.321575,0.290232
0.278505,0.456807,0.417035,0.415635,0.368509
0.270017,0.470176,0.439244,0.454988,0.258773
0.213601,0.264328,0.312748,0.255456,0.319583
0.275156,0.503707,0.426028,0.449003,0.324265
0.116814,0.21783,0.166952,0.152433,0.156152
0.137237,0.117435,0.142784,0.155249,0.136541
0.108593,0.190785,0.199983,0.153626,0.124816
0.161813,0.357573,0.287165,0.211441,0.223631
0.173849,0.191965,0.211322,0.214344,0.259212
0.151556,0.160545,0.187117,0.152942,0.152646
0.25746,0.190974,0.401884,0.257322,0.266237
0.167783,0.26182,0.20686,0.212469,0.222326
0.153378,0.207986,0.233154,0.174681,0.184248
0.203112,0.272595,0.320954,0.214283,0.344025
0.126776,0.18152,0.16491,0.114837,0.12385
0.252417,0.284486,0.32415,0.270224,0.283516
0.114165,0.192525,0.191321,0.134581,0.144308
0.287509,0.32193,0.301562,0.249925,0.29275
0.246727,0.344999,0.288515,0.329104,0.289197
0.137756,0.118339,0.155702,0.150637,0.139451
0.101049,0.216636,0.211913,0.09794,0.11198
0.254938,0.233153,0.375562,0.256078,0.264695
0.234303,0.362603,0.320267,0.363486,0.272469
0.238511,0.37062,0.308576,0.360999,0.271045
0.246541,0.345179,0.304863,0.329213,0.281815
0.114068,0.201074,0.181845,0.13764,0.150136
0.168108,0.247915,0.204872,0.231161,0.22816
0.122015,0.208486,0.16561,0.129301,0.132424
0.26399,0.3038,0.450846,0.331425,0.23667
0.218427,0.264305,0.32412,0.27425,0.311332
0.162871,0.361799,0.282985,0.206971,0.228032
0.112076,0.204992,0.175752,0.145014,0.140491
0.159087,0.346124,0.309958,0.205219,0.212244
0.161785,0.356361,0.275805,0.210162,0.220221
0.238625,0.377877,0.322101,0.358477,0.274883
0.221136,0.286991,0.325083,0.273725,0.32439
0.26857,0.449049,0.432997,0.441361,0.25956
0.189721,0.272182,0.25975,0.264594,0.248809
0.122723,0.199359,0.153229,0.121129,0.119977
0.235517,0.353116,0.311811,0.362156,0.274746
0.244549,0.356911,0.294649,0.332078,0.278536
0.206643,0.257542,0.332183,0.229419,0.327449
0.246484,0.352137,0.304229,0.335158,0.286933
0.193821,0.281366,0.289626,0.239272,0.272269
0.199319,0.268102,0.314033,0.215926,0.325302
0.181233,0.221391,0.287085,0.209155,0.288548
0.10483,0.189007,0.197861,0.127728,0.105836
0.120499,0.216833,0.160396,0.129488,0.137921
0.105972,0.20522,0.215757,0.111454,0.125211
0.220918,0.279429,0.329201,0.262879,0.313123
0.159728,0.354071,0.290428,0.19998,0.203946
0.196628,0.279552,0.29507,0.237225,0.284295
0.272438,0.509705,0.430179,0.445963,0.29509
0.147366,0.103033,0.157084,0.151523,0.14781
0.177973,0.206791,0.259062,0.202715,0.270199
0.243555,0.370512,0.3036,0.365346,0.282727
0.143472,0.093417,0.136588,0.150576,0.144786
0.114626,0.208034,0.182114,0.142275,0.152729
0.155053,0.263689,0.263227,0.182461,0.190549
0.130632,0.160659,0.149196,0.103971,0.115135
0.276643,0.497559,0.414539,0.438994,0.337229
0.253543,0.254588,0.346071,0.267436,0.266306
0.220347,0.293067,0.31605,0.281468,0.310007
0.265578,0.358291,0.447427,0.405077,0.251451
0.252698,0.258523,0.332801,0.257341,0.297053
0.135448,0.135114,0.15632,0.149625,0.131676
0.269586,0.477447,0.442802,0.449917,0.269787
0.202475,0.26302,0.326344,0.224274,0.338666
0.253414,0.250366,0.350624,0.266563,0.277816
0.270257,0.477435,0.433548,0.456131,0.271352
0.160421,0.362178,0.308145,0.203161,0.23515
0.12091,0.216759,0.168873,0.132763,0.130582
0.143308,0.091013,0.139326,0.141446,0.156618
0.18115,0.21954,0.292174,0.220146,0.284357
0.255423,0.206382,0.363182,0.24793,0.281225
0.263539,0.294384,0.442703,0.3161,0.228718
0.101321,0.22343,0.211231,0.104815,0.107499
0.197042,0.288864,0.304154,0.241745,0.28989
0.179308,0.206732,0.292888,0.204085,0.278957
0.1422,0.097467,0.157305,0.155786,0.14563
0.122774,0.202559,0.167076,0.120271,0.13896
0.164147,0.343378,0.26258,0.224731,0.222766
0.279153,0.454107,0.391235,0.397104,0.35262
0.161409,0.363618,0.288193,0.226163,0.224356
0.19857,0.27713,0.307673,0.224226,0.310372
0.233574,0.347512,0.306413,0.355794,0.281224
0.16909,0.23068,0.192766,0.221873,0.244147
0.284639,0.363493,0.346396,0.301785,0.355242
0.282865,0.399726,0.357712,0.316316,0.384315
0.147839,0.083377,0.164249,0.161976,0.145886
0.194477,0.269313,0.274554,0.242118,0.26622
0.157167,0.309135,0.288403,0.191909,0.189202
0.15412,0.238616,0.260696,0.177301,0.175214
0.107009,0.170885,0.197633,0.134373,0.124164
0.215817,0.26491,0.297422,0.262026,0.330781
0.195509,0.272902,0.288725,0.240567,0.283243
0.109781,0.197086,0.20547,0.150353,0.126918
0.152943,0.193223,0.240319,0.178804,0.169407
0.272571,0.500445,0.420222,0.474722,0.302508
0.145517,0.098242,0.149255,0.150733,0.155122
0.12753,0.163017,0.149873,0.111924,0.120092
0.192996,0.247649,0.272316,0.257418,0.261701
0.287274,0.331853,0.324297,0.263496,0.310448
0.145991,0.079395,0.135177,0.166364,0.145973
0.227706,0.300122,0.310538,0.312344,0.302629
0.244708,0.372586,0.300425,0.345975,0.277162
0.145151,0.085412,0.152708,0.141126,0.140186
0.238361,0.370114,0.314843,0.361838,0.265995
0.169879,0.21148,0.192774,0.228145,0.242508
0.220138,0.288382,0.313775,0.272819,0.323506
0.220371,0.287281,0.318892,0.282625,0.308317
0.201797,0.269625,0.324957,0.219737,0.314008
0.117155,0.220934,0.180154,0.139354,0.142732
0.258707,0.190768,0.419587,0.239928,0.258994
0.160948,0.350293,0.298989,0.21042,0.228008
0.135439,0.12845,0.143307,0.111862,0.129375
0.107747,0.18225,0.211797,0.132656,0.127358
0.21227,0.264512,0.317613,0.240886,0.319577
0.228737,0.311681,0.293812,0.333078,0.29375
0.103152,0.202486,0.226088,0.124427,0.104211
0.197298,0.261733,0.297709,0.2343,0.315925
0.143034,0.102441,0.134683,0.165619,0.148348
0.222583,0.288009,0.309674,0.280206,0.302679
0.13313,0.153404,0.157016,0.141596,0.111768
0.231278,0.332236,0.291709,0.345877,0.281701
0.17348,0.196717,0.233299,0.210912,0.259589
0.277979,0.476974,0.420601,0.421183,0.365012
0.126129,0.186683,0.157628,0.111372,0.118765
0.164803,0.324209,0.248106,0.213194,0.224199
0.12156,0.215498,0.166777,0.123865,0.150881
0.275692,0.49958,0.425606,0.441127,0.333879
0.266694,0.394716,0.452889,0.391118,0.253771
0.149009,0.103366,0.17316,0.167556,0.141669
0.225397,0.309826,0.31152,0.301274,0.30228
0.255272,0.213754,0.37183,0.254969,0.274024
0.205488,0.279426,0.326579,0.225249,0.324759
0.200634,0.271263,0.323003,0.206696,0.343317
0.145952,0.071922,0.156102,0.156724,0.15319
0.11769,0.208152,0.178511,0.120715,0.142349
0.270471,0.478632,0.412067,0.460811,0.265629
0.271079,0.499307,0.439136,0.454382,0.283386
0.220289,0.276621,0.318358,0.293064,0.313987
0.164416,0.322537,0.254346,0.226448,0.232596
0.16635,0.273119,0.221892,0.222318,0.232851
0.237932,0.369253,0.323291,0.374593,0.276088
0.270451,0.464373,0.443229,0.454427,0.285831
0.268546,0.430483,0.435624,0.44102,0.262816
0.248176,0.339427,0.29886,0.322609,0.28721
0.221986,0.293128,0.307384,0.286927,0.319834
0.115987,0.206733,0.167337,0.148307,0.159598
0.130709,0.14846,0.144028,0.127022,0.135785
0.270725,0.487512,0.441764,0.465551,0.267981
0.215222,0.267929,0.325246,0.248206,0.326209
0.101747,0.203939,0.223803,0.103206,0.088042
0.11928,0.220417,0.175528,0.132396,0.147264
0.226065,0.307977,0.314148,0.308039,0.293045
0.100962,0.221125,0.216547,0.0972,0.116613
0.130554,0.157229,0.152705,0.140166,0.10419
0.204259,0.268578,0.335435,0.237999,0.325814
0.23146,0.314432,0.314994,0.344261,0.278186
0.223873,0.29085,0.322281,0.295236,0.287939
0.142611,0.087795,0.145283,0.15151,0.149878
0.235314,0.350161,0.316157,0.350153,0.257234
0.145077,0.081311,0.152351,0.154837,0.143231
0.161826,0.373581,0.288487,0.214818,0.209522
0.241833,0.383905,0.299216,0.351307,0.275924
0.22343,0.28679,0.312048,0.294921,0.318133
0.261352,0.236164,0.43943,0.278625,0.244848
0.224946,0.307804,0.305965,0.285464,0.293769
0.207979,0.269299,0.322286,0.23248,0.337332
0.117798,0.207771,0.167139,0.132544,0.145545
0.169866,0.216732,0.187883,0.235292,0.243201
0.150388,0.133282,0.169928,0.165545,0.140828
0.146358,0.087209,0.150635,0.144091,0.147659
0.284872,0.365554,0.346642,0.291611,0.331325
0.174689,0.197044,0.21614,0.197837,0.264975
0.269489,0.474118,0.443907,0.459629,0.261624
0.219916,0.276474,0.324553,0.271902,0.319269
0.251014,0.300408,0.301398,0.291325,0.2928
0.195501,0.271454,0.284849,0.249493,0.268215
0.209612,0.277616,0.314408,0.235326,0.326846
0.193578,0.260999,0.269306,0.236374,0.262131
0.137096,0.140009,0.148668,0.13709,0.132309
0.237266,0.371313,0.31286,0.37166,0.267444
0.153347,0.200521,0.229248,0.160646,0.16729
0.10462,0.186278,0.195892,0.101926,0.122783
0.22264,0.28628,0.319452,0.284479,0.303028
0.133651,0.145481,0.13551,0.133778,0.117871
0.278687,0.466283,0.408874,0.409542,0.378899
0.281246,0.414908,0.392229,0.348704,0.360815
0.273824,0.506672,0.437763,0.459439,0.297055
0.17033,0.232746,0.179077,0.228718,0.247808
0.102937,0.215266,0.192416,0.102208,0.104514
0.276381,0.495252,0.420496,0.433398,0.338375
0.181355,0.220543,0.303373,0.216562,0.279841
0.283664,0.378529,0.373667,0.311359,0.362708
0.283088,0.392214,0.372612,0.313938,0.381191
0.262072,0.239825,0.444626,0.293623,0.247094
0.155945,0.280858,0.278224,0.166103,0.199278
0.173169,0.18058,0.197137,0.208248,0.247969
0.261716,0.242744,0.450948,0.290093,0.232027
0.160215,0.366348,0.303524,0.199033,0.198239
0.132204,0.144916,0.15561,0.125245,0.107224
0.205792,0.277161,0.34943,0.234473,0.347462
0.277869,0.464118,0.415829,0.411171,0.359293
0.232246,0.324658,0.305707,0.345108,0.278149
0.208312,0.26342,0.322608,0.232976,0.336869
0.118464,0.216449,0.15761,0.133151,0.138936
0.216851,0.285516,0.312175,0.270579,0.32265
0.28811,0.31777,0.28142,0.250518,0.294248
0.126616,0.188805,0.150849,0.115003,0.102702
0.198483,0.271946,0.314619,0.227721,0.312648
0.266701,0.387865,0.44113,0.40543,0.255108
0.240746,0.386659,0.318742,0.347553,0.272237
0.232433,0.342948,0.309996,0.354009,0.285061
0.233472,0.332672,0.31118,0.347272,0.299572
0.168303,0.260383,0.197976,0.225046,0.233554
0.155782,0.289375,0.270766,0.19473,0.19419
0.253779,0.236311,0.357055,0.252583,0.274373
0.253922,0.242151,0.345665,0.256614,0.280929
0.264744,0.33001,0.446323,0.351368,0.245063
0.273516,0.509112,0.425247,0.458245,0.309778
0.197155,0.267242,0.293107,0.245068,0.28881
0.195288,0.264194,0.282737,0.233045,0.278884
0.251676,0.277923,0.317884,0.280408,0.302038
0.223493,0.300947,0.320265,0.294222,0.308399
0.233374,0.348919,0.313234,0.339873,0.284963
0.251201,0.283624,0.317801,0.286871,0.290135
0.269101,0.463132,0.446731,0.448089,0.268389
0.164219,0.306741,0.256385,0.216141,0.231822
0.171361,0.213774,0.194646,0.216809,0.239616
0.117857,0.193461,0.1725,0.13153,0.147878
0.209873,0.258096,0.322298,0.234441,0.326303
0.106829,0.174335,0.200858,0.13445,0.121106
0.188464,0.241432,0.245782,0.266094,0.244276
0.203102,0.277956,0.328098,0.223189,0.339754
0.154443,0.235095,0.260701,0.179998,0.170447
0.212258,0.265323,0.32544,0.259441,0.338262
0.105795,0.185123,0.216275,0.118639,0.126661
0.107096,0.186795,0.214617,0.146203,0.12155
0.256294,0.208384,0.389873,0.248887,0.253017
0.168436,0.235783,0.200914,0.234628,0.233549
0.124141,0.202192,0.154393,0.117493,0.121537
0.199226,0.26831,0.315475,0.238203,0.317826
0.246299,0.341722,0.298783,0.343034,0.289499
0.141006,0.100018,0.149164,0.156095,0.127295
0.218349,0.288215,0.316532,0.272002,0.314712
0.116216,0.210754,0.174136,0.135902,0.14401
0.10982,0.181847,0.19655,0.147382,0.141537
0.200957,0.268513,0.33044,0.222215,0.323483
0.202721,0.266644,0.317389,0.206613,0.349804
0.221112,0.300858,0.297723,0.271771,0.29593
0.237957,0.376039,0.309883,0.363031,0.282532
0.285412,0.353985,0.328235,0.28204,0.343872
0.198097,0.280397,0.306713,0.226866,0.313417
0.161362,0.363473,0.291741,0.220965,0.2256
0.251085,0.286547,0.311384,0.275687,0.301516
0.151458,0.151053,0.212269,0.165852,0.154609
0.183405,0.229921,0.289661,0.211308,0.265381
0.114907,0.199778,0.183828,0.145113,0.157496
0.104817,0.195019,0.216343,0.124586,0.117135
0.282903,0.390893,0.363994,0.324725,0.371073
0.258836,0.20565,0.432373,0.242937,0.260931
0.232235,0.335651,0.309161,0.353924,0.271692
0.177701,0.201425,0.267681,0.215207,0.291597
0.132926,0.129417,0.137684,0.131629,0.111235
0.129723,0.168877,0.137953,0.118624,0.108908
0.147546,0.092194,0.162641,0.160336,0.144292
0.204353,0.27475,0.331983,0.220483,0.327419
0.235773,0.337979,0.306528,0.366204,0.26694
0.225438,0.315168,0.303796,0.316778,0.310066
0.153187,0.199864,0.23772,0.180616,0.176989
0.281424,0.425237,0.378888,0.343191,0.371808
0.2402,0.37093,0.324374,0.367676,0.27632
0.205327,0.270164,0.320797,0.218907,0.337528
0.216227,0.261983,0.322803,0.268599,0.333135
0.179724,0.206494,0.279583,0.212875,0.288652
0.147069,0.101944,0.157739,0.140303,0.145118
0.167635,0.260216,0.203491,0.212536,0.2422
0.243991,0.372951,0.297476,0.349701,0.279261
0.102735,0.210169,0.217441,0.113755,0.121527
0.122054,0.207255,0.155429,0.117989,0.121589
0.108741,0.184245,0.205732,0.139253,0.146092
0.107738,0.185536,0.198709,0.136143,0.126584
0.262538,0.279183,0.448183,0.301357,0.238229
0.233695,0.346435,0.303575,0.344968,0.261463
0.190093,0.258904,0.242532,0.263437,0.237468
0.118588,0.216574,0.169918,0.147838,0.135915
0.193407,0.274994,0.295009,0.244364,0.25418
0.18996,0.266367,0.26927,0.250077,0.239864
0.132908,0.150594,0.146126,0.130834,0.123557
0.182432,0.21659,0.287008,0.217518,0.282148
0.175716,0.20651,0.236491,0.207307,0.279227
0.217012,0.263304,0.322114,0.272058,0.311917
0.220668,0.285366,0.307052,0.26348,0.305305
0.108608,0.176888,0.20912,0.146449,0.146999
0.171176,0.205757,0.196543,0.218513,0.24024
0.218913,0.280465,0.323255,0.268708,0.329802
0.195596,0.272574,0.295201,0.237721,0.278513
0.262733,0.268615,0.450648,0.306791,0.240055
0.225152,0.310283,0.31649,0.288066,0.308648
0.130958,0.158543,0.153448,0.13362,0.121094
0.113408,0.193103,0.182948,0.14,0.14368
0.22206,0.294777,0.310483,0.28872,0.305631
0.105037,0.197733,0.211552,0.133778,0.118519
0.211297,0.251749,0.331017,0.242995,0.334301
0.278644,0.467536,0.398727,0.404491,0.368362
0.20934,0.266682,0.30925,0.242486,0.335264
0.173752,0.190131,0.212557,0.218967,0.268393
0.222225,0.298571,0.315283,0.268974,0.321401
0.187068,0.245327,0.272062,0.245729,0.251979
0.203667,0.26883,0.331202,0.219472,0.341015
0.278878,0.457786,0.405508,0.40001,0.350703
0.17336,0.193492,0.218826,0.216838,0.239605
0.282626,0.386506,0.363441,0.320792,0.373527
0.272017,0.490139,0.42482,0.46231,0.29005
0.1372,0.13836,0.141119,0.141232,0.12924
0.113179,0.1875,0.173312,0.132525,0.146171
0.119148,0.200459,0.168644,0.140354,0.142649
0.103462,0.180056,0.228439,0.116709,0.121262
0.117944,0.202389,0.173265,0.112376,0.145907
0.229771,0.309,0.309786,0.326643,0.280676
0.113526,0.208594,0.175352,0.131339,0.152654
0.160605,0.370451,0.293002,0.195393,0.220771
0.260526,0.210843,0.437221,0.256865,0.248394
0.104422,0.209202,0.209941,0.124671,0.112553
0.254749,0.234158,0.375535,0.266272,0.26948
0.153552,0.209305,0.239238,0.176288,0.173428
0.122451,0.18185,0.153733,0.121956,0.132325
0.23238,0.355673,0.311905,0.348105,0.283425
0.219499,0.268423,0.321265,0.270413,0.313047
0.26672,0.376675,0.456777,0.394576,0.233043
0.239663,0.386613,0.325036,0.356015,0.269985
0.252661,0.280021,0.326253,0.260372,0.29243
0.153587,0.224007,0.228855,0.170828,0.170646
0.133714,0.146316,0.135294,0.130843,0.116844
0.242617,0.38171,0.301625,0.357681,0.288816
0.253299,0.256206,0.347103,0.264699,0.277179
0.288196,0.326933,0.290599,0.241083,0.273322
0.178397,0.206536,0.269683,0.212027,0.287675
0.170683,0.212215,0.187113,0.208339,0.239475
0.247518,0.340862,0.295426,0.333095,0.287117
0.164753,0.313965,0.242636,0.211696,0.228611
0.276844,0.484552,0.43395,0.423918,0.349588
0.263098,0.261946,0.43833,0.303393,0.239835
0.181509,0.220252,0.290652,0.21173,0.28786
0.242666,0.368896,0.319512,0.366061,0.29559
0.243363,0.365409,0.300916,0.359301,0.280641
0.119594,0.209741,0.167446,0.140618,0.144314
0.271485,0.508226,0.429953,0.471159,0.280855
0.195998,0.277865,0.293413,0.227691,0.277943
0.257027,0.189562,0.411062,0.242988,0.256247
0.160809,0.354631,0.279135,0.20298,0.21941
0.270149,0.486235,0.44881,0.469153,0.274254
0.173948,0.184368,0.202125,0.202186,0.283626
0.102059,0.207999,0.21676,0.119768,0.100348
0.272023,0.506103,0.427999,0.475155,0.287542
0.117344,0.198783,0.179384,0.151142,0.145369
0.16067,0.363303,0.284822,0.205414,0.225911
0.280512,0.421612,0.399853,0.372059,0.372926
0.280615,0.425687,0.41153,0.382652,0.381376
0.208953,0.263781,0.31074,0.238228,0.316525
0.220049,0.268399,0.318486,0.263914,0.294786
0.185205,0.242282,0.274437,0.221471,0.257202
0.15571,0.276119,0.271918,0.190473,0.199226
0.162446,0.358499,0.282066,0.199566,0.214879
0.227779,0.310439,0.303327,0.314639,0.268359
0.242951,0.386767,0.306208,0.360557,0.286586
0.2504,0.301417,0.322748,0.300222,0.296185
0.250027,0.303122,0.303685,0.306114,0.286234
0.117329,0.207479,0.180474,0.138304,0.138003
0.19394,0.271592,0.268934,0.256277,0.256074
0.110936,0.187641,0.185519,0.131308,0.140451
0.20441,0.267001,0.332712,0.220891,0.334463
0.183891,0.227181,0.297294,0.222533,0.27469
0.268664,0.440888,0.444252,0.445296,0.23627
0.166674,0.270291,0.21786,0.228855,0.22481
0.122243,0.216619,0.163048,0.130866,0.124065
0.127168,0.166862,0.144156,0.128711,0.111906
0.244687,0.361512,0.301575,0.338514,0.283454
0.217461,0.267958,0.324795,0.28076,0.326121
0.119213,0.215552,0.166273,0.145685,0.128114
0.11598,0.200952,0.174631,0.144019,0.146837
0.233184,0.353175,0.313026,0.36282,0.282154
0.113825,0.191089,0.181062,0.126317,0.159976
0.256153,0.211343,0.386492,0.243576,0.262318
0.234186,0.343729,0.328922,0.347352,0.278207
0.115456,0.218952,0.177885,0.14439,0.131961
0.116119,0.194192,0.175139,0.129591,0.127331
0.287462,0.329074,0.293975,0.260735,0.312148
0.171111,0.211963,0.19656,0.229026,0.245697
0.170422,0.217773,0.188071,0.224895,0.251422
0.254432,0.229501,0.355189,0.260311,0.265562
0.279977,0.440344,0.410734,0.368523,0.373063
0.28734,0.328055,0.313096,0.249058,0.323317
0.243142,0.373966,0.296828,0.366207,0.286005
0.171489,0.21119,0.177162,0.223523,0.250223
0.115865,0.220673,0.186773,0.137935,0.146538
0.247658,0.335268,0.288953,0.322327,0.282478
0.206097,0.253173,0.333202,0.215813,0.350516
0.180602,0.215554,0.271193,0.203394,0.283887
0.272207,0.523581,0.438108,0.483363,0.297003
0.121128,0.199598,0.155744,0.11942,0.124851
0.193599,0.279668,0.282807,0.248984,0.251288
0.102157,0.222195,0.218752,0.12121,0.117991
0.189046,0.249408,0.256231,0.24358,0.238592
0.110698,0.191176,0.190634,0.140204,0.150571
0.122575,0.214391,0.167863,0.134045,0.131085
0.12233,0.199269,0.163721,0.127169,0.117983
0.22335,0.28947,0.318133,0.314763,0.312346
0.241749,0.37426,0.322376,0.348153,0.273516
0.21084,0.253146,0.306513,0.258237,0.33803
0.282813,0.386845,0.387083,0.321639,0.369898
0.171225,0.196019,0.191827,0.224009,0.234066
0.154285,0.234344,0.239598,0.180929,0.179982
0.265034,0.329268,0.440618,0.354784,0.259564
0.142483,0.095872,0.138041,0.154956,0.147825
0.283012,0.376153,0.379203,0.30452,0.368325
0.102309,0.209878,0.21722,0.11879,0.115785
0.284277,0.374266,0.367525,0.299708,0.361221
0.1082,0.166722,0.189821,0.140227,0.132886
0.269317,0.464932,0.439103,0.457119,0.255381
0.200263,0.28167,0.313124,0.224566,0.326701
0.288663,0.308479,0.27439,0.24694,0.279826
0.114021,0.210524,0.191078,0.132453,0.138664
0.205232,0.268758,0.324756,0.223229,0.351271
0.284167,0.363707,0.336143,0.308645,0.359851
0.199389,0.271782,0.320507,0.234737,0.311174
0.219586,0.284259,0.320731,0.272502,0.322973
0.232192,0.336596,0.312953,0.343827,0.277761
0.186363,0.247995,0.283917,0.235753,0.259262
0.219236,0.271407,0.308826,0.282511,0.313477
0.21102,0.262726,0.3243,0.255647,0.33163
0.27122,0.482937,0.443052,0.481519,0.286034
0.108635,0.182055,0.185895,0.128925,0.135028
0.153383,0.199586,0.234523,0.169948,0.155456
0.280578,0.425255,0.391598,0.366955,0.362034
0.26915,0.467999,0.439106,0.451445,0.270211
0.186575,0.253283,0.275779,0.242367,0.250787
0.217825,0.279594,0.313819,0.261517,0.314772
0.152702,0.177996,0.215263,0.176886,0.155362
0.135743,0.13005,0.143519,0.142679,0.118621
0.188103,0.260181,0.257759,0.243515,0.227833
0.167137,0.27305,0.205383,0.232648,0.231441
0.210895,0.27985,0.324409,0.259299,0.327552
0.11477,0.202779,0.172627,0.140199,0.138307
0.285135,0.356041,0.347837,0.284313,0.349024
0.28738,0.324863,0.304596,0.25988,0.310309
0.232651,0.340379,0.296444,0.338979,0.295672
0.201858,0.269126,0.322396,0.221546,0.321288
0.15881,0.352798,0.308133,0.183431,0.222833
0.254621,0.235816,0.355452,0.263598,0.283222
0.230099,0.315336,0.304319,0.319093,0.279487
0.130897,0.144574,0.152489,0.133562,0.112453
0.273076,0.491849,0.43506,0.463815,0.299374
0.256282,0.211945,0.386969,0.245616,0.266876
0.280462,0.424314,0.391765,0.362281,0.382743
0.237887,0.355452,0.325694,0.362116,0.276876
0.216549,0.274352,0.331629,0.276223,0.3257
0.179466,0.230008,0.288135,0.188781,0.286877
0.277218,0.482331,0.416355,0.434522,0.337423
0.264552,0.32662,0.44528,0.35178,0.239366
0.108592,0.183563,0.19361,0.126217,0.142208
0.10501,0.187543,0.214995,0.117462,0.106635
0.171528,0.21051,0.195627,0.230617,0.23981
0.254005,0.235316,0.365079,0.253999,0.280017
0.287582,0.327673,0.301746,0.244338,0.294467
0.128579,0.170801,0.139991,0.128005,0.104536
0.212885,0.258073,0.326212,0.258277,0.325286
0.172369,0.205329,0.189701,0.207845,0.242817
0.284284,0.366091,0.352268,0.298943,0.351676
0.260003,0.202985,0.438024,0.251824,0.251618
0.259282,0.206509,0.444996,0.261789,0.238504
0.189052,0.24667,0.28873,0.262124,0.228577
0.178816,0.206734,0.279431,0.211847,0.284747
0.151947,0.165439,0.206886,0.169508,0.166738
0.110711,0.195346,0.198125,0.152828,0.137406
0.264297,0.315609,0.458982,0.342975,0.236929
0.254451,0.230492,0.358116,0.248434,0.276792
0.289946,0.321527,0.251886,0.245608,0.212154
0.289361,0.326738,0.255444,0.259606,0.25204
0.205532,0.269416,0.331711,0.221848,0.342939
0.246108,0.356025,0.299352,0.335383,0.288648
0.279505,0.438701,0.406771,0.388514,0.374684
0.261433,0.224766,0.452514,0.280857,0.232768
0.146996,0.083842,0.147527,0.147346,0.152234
0.185603,0.235614,0.273322,0.247787,0.25956
0.12454,0.190641,0.149801,0.141185,0.120746
0.28127,0.419542,0.393319,0.353536,0.372065
0.215173,0.272083,0.323849,0.254092,0.323501
0.143442,0.088268,0.144004,0.141252,0.153414
0.227623,0.311784,0.321962,0.318739,0.284261
0.217444,0.274174,0.317693,0.276204,0.313674
0.168051,0.237654,0.208517,0.225545,0.24212
0.121576,0.197303,0.155725,0.12868,0.130933
0.227599,0.306622,0.305486,0.311814,0.30015
0.198858,0.26261,0.321373,0.215969,0.327306
0.24674,0.354641,0.300478,0.340056,0.29021
0.198831,0.284533,0.313287,0.232101,0.318915
0.261914,0.253942,0.447392,0.27789,0.231676
0.204862,0.264267,0.316396,0.240421,0.34581
0.206578,0.2754,0.323204,0.238439,0.340918
0.266564,0.386111,0.455209,0.407838,0.250831
0.176662,0.193648,0.253651,0.196567,0.277021
0.125463,0.1821,0.160975,0.110189,0.106447
0.105469,0.184128,0.209895,0.126509,0.12478
0.243476,0.370638,0.300531,0.35865,0.267254
0.217859,0.276179,0.312431,0.282973,0.316351
0.233775,0.348758,0.317219,0.357035,0.283948
0.140463,0.107046,0.143125,0.14891,0.144282
0.125911,0.187892,0.160143,0.112284,0.133644
0.102763,0.212478,0.212829,0.126146,0.117383
0.166612,0.2904,0.204015,0.213905,0.226363
0.212084,0.250462,0.326892,0.266449,0.330368
0.174526,0.171486,0.216774,0.208264,0.268515
0.18312,0.236598,0.280927,0.236934,0.26345
0.27179,0.488959,0.437572,0.473156,0.280753
0.166169,0.290183,0.224525,0.22025,0.226657
0.197658,0.262602,0.316114,0.224894,0.285864
0.248894,0.309285,0.303192,0.311487,0.296268
0.175343,0.197013,0.236759,0.212441,0.272405
0.218196,0.281846,0.306746,0.270262,0.304772
0.263849,0.293224,0.461587,0.327615,0.243395
0.280409,0.413323,0.399046,0.366981,0.376233
0.127944,0.167703,0.150008,0.119529,0.113844
0.276052,0.498056,0.421359,0.423847,0.334831
0.193502,0.254521,0.262114,0.251522,0.2646
0.149066,0.106334,0.172576,0.150042,0.15214
0.187236,0.247064,0.261687,0.238072,0.250471
0.286206,0.344683,0.313305,0.255166,0.325913
0.193597,0.267509,0.264773,0.233122,0.262924
0.162463,0.34613,0.290618,0.203834,0.236997
0.220346,0.291581,0.311724,0.271728,0.30838
0.145628,0.081917,0.15797,0.170048,0.159665
0.114414,0.198244,0.178556,0.13512,0.141547
0.124487,0.184954,0.14504,0.124142,0.123918
0.124329,0.189708,0.150056,0.126212,0.118939
0.128862,0.159464,0.161491,0.120049,0.11229
0.126377,0.180233,0.154184,0.11932,0.10248
0.221766,0.299876,0.311021,0.27419,0.305148
0.134557,0.127017,0.145718,0.144175,0.11347
0.165677,0.289116,0.239075,0.235365,0.231801
0.27039,0.494552,0.444766,0.447229,0.281615
0.190053,0.255493,0.274603,0.246836,0.246225
0.226836,0.298894,0.306343,0.309673,0.276205
0.132741,0.154579,0.13587,0.118661,0.131675
0.136535,0.124009,0.139208,0.143832,0.132995
0.107765,0.19722,0.204817,0.128365,0.12345
0.132098,0.15471,0.139549,0.141794,0.11466
0.152932,0.189533,0.216818,0.180396,0.169358
0.133632,0.159433,0.148196,0.130999,0.113168
0.116853,0.200671,0.175604,0.145366,0.147812
0.122921,0.20589,0.161941,0.134656,0.125411
0.187548,0.250787,0.262514,0.24416,0.243185
0.139203,0.125249,0.138632,0.141658,0.134696
0.169211,0.244677,0.185941,0.221596,0.225487
0.195649,0.270331,0.299234,0.245073,0.282187
0.231175,0.322751,0.316987,0.338947,0.287407
0.107469,0.186383,0.188849,0.120892,0.132701
0.251888,0.268908,0.316835,0.276136,0.296065
0.219301,0.295069,0.305396,0.272771,0.318254
0.115534,0.203117,0.174441,0.137946,0.142153
0.26598,0.363247,0.44888,0.398958,0.251472
0.274966,0.504435,0.412112,0.442269,0.314398
0.111605,0.178386,0.18378,0.143408,0.133982
0.152607,0.1762,0.211057,0.181323,0.157813
0.253178,0.261052,0.343292,0.287366,0.292143
0.242169,0.372868,0.305647,0.356894,0.287049
0.135059,0.127343,0.138145,0.138328,0.128222
0.139776,0.115688,0.141542,0.154093,0.150132
0.17039,0.224347,0.185152,0.220952,0.234799
0.192059,0.268709,0.266046,0.251901,0.251662
0.217468,0.281693,0.331124,0.270931,0.318722
0.170094,0.212656,0.200538,0.199603,0.247196
0.187882,0.238281,0.256863,0.255478,0.243979
0.242019,0.39045,0.312259,0.361651,0.275967
0.10697,0.180533,0.211594,0.130474,0.131035
0.147963,0.090614,0.150053,0.172539,0.151289
0.235536,0.370257,0.320098,0.353159,0.268112
0.270089,0.482085,0.449029,0.454691,0.270331
0.197219,0.275338,0.295378,0.246842,0.289164
0.201102,0.288491,0.318716,0.214404,0.309862
0.120363,0.202395,0.175298,0.126867,0.141526
0.185008,0.245315,0.282839,0.234184,0.267464
0.201197,0.271533,0.330734,0.22778,0.33244
0.146069,0.085663,0.150278,0.156283,0.127275
0.151156,0.157322,0.199179,0.15326,0.153075
0.171684,0.205976,0.182475,0.212615,0.231483
0.103814,0.199137,0.222559,0.11638,0.124721
0.161195,0.370657,0.303595,0.210012,0.215791
0.140175,0.105967,0.138069,0.153746,0.152352
0.162224,0.349439,0.284128,0.217331,0.234559
0.122755,0.192286,0.149762,0.111952,0.123761
0.2692,0.443542,0.443705,0.455511,0.25411
0.212783,0.279714,0.322404,0.257321,0.331666
0.229029,0.306405,0.307433,0.336271,0.282028
0.249943,0.306153,0.313558,0.307157,0.29591
0.194704,0.266428,0.282151,0.251449,0.267387
0.116515,0.207177,0.181433,0.14129,0.132132
0.20205,0.276635,0.319986,0.232241,0.316298
0.2115,0.268623,0.318284,0.255939,0.333038
0.241634,0.374412,0.305563,0.361059,0.273409
0.182015,0.2223,0.291201,0.236385,0.278439
0.12424,0.195975,0.156195,0.130284,0.130257
0.153917,0.220939,0.239746,0.180153,0.185062
0.168986,0.248912,0.201434,0.210972,0.234045
0.222724,0.293034,0.310768,0.278216,0.304213
0.208448,0.267403,0.309706,0.243555,0.340821
0.167658,0.266569,0.221562,0.222993,0.222217
0.287438,0.336196,0.310713,0.249984,0.30776
0.215097,0.26912,0.307275,0.262262,0.328922
0.145073,0.073191,0.149295,0.166924,0.148446
0.119339,0.21158,0.165559,0.138832,0.127209
0.129043,0.160257,0.153451,0.109963,0.104223
0.146732,0.080959,0.153269,0.154118,0.136029
0.130529,0.161832,0.147406,0.11439,0.11116
0.135448,0.143849,0.137262,0.132723,0.129835
0.154168,0.230692,0.239366,0.1735,0.189683
0.132941,0.147804,0.138912,0.123187,0.112046
0.270385,0.49633,0.429185,0.450612,0.269637
0.115244,0.203068,0.179924,0.137769,0.15551
0.199657,0.292963,0.314615,0.218152,0.322802
0.177975,0.206657,0.271026,0.18349,0.297917
0.286652,0.320707,0.327597,0.279632,0.326106
0.121287,0.211649,0.160443,0.138031,0.127519
0.175593,0.196213,0.23656,0.2056,0.265329
0.284199,0.379154,0.360527,0.298767,0.347872
0.264446,0.321925,0.455589,0.337168,0.246159
0.255244,0.218426,0.373573,0.265889,0.281216
0.149002,0.09419,0.174581,0.172936,0.161309
0.132469,0.145858,0.150663,0.126802,0.121224
0.227042,0.298368,0.299131,0.321345,0.303877
0.276581,0.485036,0.42522,0.435117,0.338363
0.205785,0.269288,0.334462,0.220178,0.33056
0.208606,0.274777,0.31616,0.238537,0.343349
0.153196,0.204394,0.229162,0.173146,0.173307
0.246204,0.345495,0.2994,0.333918,0.293027
0.135538,0.137083,0.141769,0.134409,0.129477
0.161499,0.370576,0.300342,0.210951,0.22792
0.180833,0.212613,0.30667,0.212189,0.298348
0.196446,0.269946,0.292094,0.234827,0.29984
0.146058,0.083616,0.136453,0.14613,0.147224
0.121819,0.197791,0.166371,0.122437,0.141526
0.216018,0.275067,0.323453,0.253197,0.326813
0.15484,0.249812,0.253733,0.188051,0.179551
0.210435,0.264444,0.331082,0.231623,0.339242
0.129329,0.1567,0.140227,0.128514,0.098939
0.191417,0.257732,0.271199,0.265189,0.253703
0.201192,0.276861,0.321461,0.218637,0.320761
0.109846,0.181707,0.210219,0.116987,0.138834
0.163955,0.347764,0.277386,0.215403,0.222592
0.125539,0.183372,0.150706,0.120491,0.123872
0.112041,0.192311,0.185448,0.131467,0.141872
0.288092,0.329025,0.291983,0.245271,0.275868
0.161247,0.350589,0.290741,0.223056,0.227999
0.253876,0.225635,0.351555,0.268008,0.275111
0.148382,0.084392,0.162953,0.14933,0.152078
0.229486,0.327965,0.292547,0.315154,0.28748
0.244443,0.364192,0.297301,0.346787,0.290135
0.213171,0.284334,0.312206,0.254603,0.320483
0.189599,0.251188,0.259166,0.258584,0.236127
0.17825,0.204998,0.280231,0.202775,0.284915
0.166285,0.301914,0.215895,0.225521,0.238108
0.276611,0.505419,0.42466,0.448784,0.35672
0.257818,0.215376,0.408968,0.252437,0.249945
0.283355,0.392423,0.365445,0.312834,0.375496
0.123616,0.20501,0.166646,0.122913,0.10997
0.238865,0.381124,0.316312,0.362455,0.262956
0.278285,0.474298,0.415155,0.416374,0.350876
0.134434,0.134138,0.152313,0.127105,0.110877
0.112634,0.185898,0.185423,0.14005,0.130635
0.240813,0.37957,0.304681,0.364235,0.279022
0.20915,0.259776,0.312625,0.239901,0.333867
0.259947,0.204751,0.428933,0.24842,0.249234
0.126557,0.186105,0.178731,0.122337,0.121345
0.251101,0.295991,0.325132,0.290639,0.294476
0.138309,0.120565,0.130276,0.149702,0.14273
0.131095,0.166036,0.137954,0.117686,0.110588
0.131211,0.144497,0.152238,0.13198,0.101855
0.254769,0.224465,0.369973,0.248483,0.283021
0.226387,0.296567,0.31406,0.322912,0.291777
0.199382,0.257297,0.316842,0.20928,0.310741
0.168178,0.250325,0.200846,0.225175,0.23268
0.266668,0.387238,0.450424,0.402783,0.2402
0.174565,0.204031,0.221777,0.204098,0.265819
0.255154,0.225757,0.353815,0.256281,0.275003
0.183436,0.222449,0.285115,0.236269,0.276742
0.171619,0.217251,0.18593,0.199277,0.24164
0.187909,0.259526,0.268558,0.25415,0.240882
0.157262,0.321633,0.311336,0.172969,0.211412
0.242046,0.376574,0.308469,0.352828,0.283098
0.195517,0.262219,0.288566,0.251845,0.296227
0.14412,0.083014,0.148782,0.149246,0.152816
0.270919,0.499259,0.438188,0.455069,0.288097
0.172939,0.209812,0.206028,0.212458,0.246581
0.203275,0.280762,0.334083,0.23994,0.343878
0.27223,0.499171,0.447363,0.453415,0.292797
0.218605,0.267987,0.308547,0.262552,0.312841
0.122211,0.203865,0.166909,0.139305,0.134547
0.278568,0.449747,0.40165,0.41689,0.368247
0.219265,0.281441,0.321827,0.272404,0.319751
0.163632,0.337849,0.258824,0.207705,0.222006
0.126462,0.177379,0.151954,0.136617,0.122074
0.250865,0.279715,0.310362,0.306459,0.287958
0.217814,0.278798,0.325524,0.273898,0.32072
0.201358,0.266651,0.334087,0.214569,0.328717
0.26984,0.46358,0.427536,0.454857,0.266806
0.249833,0.28668,0.3042,0.303461,0.301377
0.128818,0.166579,0.145991,0.121629,0.102233
0.159227,0.366985,0.289798,0.214207,0.231589
0.147213,0.10067,0.152093,0.162418,0.12881
0.24135,0.375728,0.305436,0.353998,0.272322
0.106371,0.17925,0.226283,0.141594,0.127349
0.208279,0.2654,0.326337,0.243055,0.341776
0.244867,0.357856,0.285253,0.352315,0.287526
0.266585,0.388011,0.44351,0.408854,0.24668
0.164996,0.321555,0.253732,0.211182,0.233481
0.256039,0.220076,0.401976,0.247936,0.26502
0.12102,0.205482,0.152983,0.125641,0.148883
0.260826,0.219751,0.427256,0.258646,0.250001
0.124223,0.18678,0.174151,0.125978,0.131745
0.175485,0.186327,0.236307,0.228874,0.26758
0.251486,0.279709,0.312514,0.272198,0.290412
0.128484,0.171736,0.156432,0.11863,0.108617
0.143558,0.095601,0.119405,0.158816,0.135564
0.237228,0.363112,0.314436,0.36426,0.27497
0.236807,0.379239,0.31695,0.361425,0.267971
0.221818,0.284168,0.322743,0.273608,0.314623
0.23185,0.33336,0.301237,0.343468,0.272368
0.203118,0.26267,0.329863,0.217018,0.351164
0.147842,0.072221,0.150887,0.1385,0.136927
0.165682,0.308987,0.237021,0.23047,0.232477
0.134504,0.144129,0.137331,0.14004,0.128318
0.272606,0.502789,0.426706,0.468124,0.292977
0.210844,0.261803,0.311056,0.251613,0.339252
0.176162,0.198777,0.247552,0.216415,0.269604
0.187781,0.236777,0.274513,0.251423,0.256954
0.279984,0.437039,0.398239,0.383535,0.369045
0.129137,0.171273,0.151515,0.116768,0.10546
0.211384,0.251605,0.306969,0.261916,0.329045
0.196119,0.273009,0.293411,0.238513,0.292471
0.216176,0.259429,0.317291,0.265439,0.317708
0.103441,0.201171,0.236172,0.109404,0.106152
0.265704,0.356916,0.441245,0.378957,0.242055
0.277102,0.470863,0.427881,0.419423,0.338773
0.207375,0.271824,0.332567,0.231863,0.353009
0.232364,0.33135,0.312159,0.337848,0.275096
0.275275,0.494586,0.43684,0.4416,0.335453
0.234375,0.353355,0.315324,0.371051,0.276937
0.128982,0.175016,0.154543,0.129709,0.102497
0.209495,0.252908,0.320317,0.26056,0.334896
0.215276,0.268577,0.327413,0.251799,0.330432
0.180585,0.219598,0.295658,0.212468,0.287315
0.239924,0.384433,0.30686,0.35472,0.283412
0.27753,0.479864,0.403737,0.41386,0.360349
0.275858,0.493696,0.419256,0.435983,0.342669
0.185659,0.23411,0.271111,0.249048,0.254253
0.121515,0.205684,0.164081,0.12566,0.127289
0.28712,0.321253,0.316237,0.266595,0.308665
0.259391,0.179636,0.426508,0.258714,0.250053
0.123686,0.199977,0.159848,0.142669,0.131399
0.27496,0.510221,0.42419,0.441579,0.307818
0.26528,0.324528,0.457692,0.37664,0.242536
0.198579,0.264191,0.296059,0.234772,0.31242
0.212342,0.26761,0.313138,0.24634,0.327455
0.175811,0.210132,0.239281,0.216342,0.287678
0.110405,0.186068,0.204377,0.141136,0.141525
0.163687,0.33236,0.261437,0.215917,0.239573
0.252542,0.261157,0.31774,0.269028,0.284915
0.10088,0.234991,0.226838,0.099983,0.108365
0.163365,0.33778,0.264887,0.233411,0.241818
0.175652,0.186901,0.225931,0.208524,0.286861
0.202105,0.266178,0.323234,0.227783,0.325611
0.274773,0.49634,0.422799,0.448905,0.32099
0.165806,0.300395,0.228261,0.214797,0.228063
0.165921,0.31006,0.213711,0.229799,0.234836
0.240125,0.381748,0.318589,0.354075,0.279721
0.185921,0.239826,0.286412,0.237279,0.249406
0.142675,0.090548,0.144865,0.15352,0.144403
0.185964,0.229517,0.266903,0.241724,0.239671
0.126763,0.18635,0.153193,0.118127,0.126699
0.133514,0.14209,0.145527,0.132061,0.113957
0.19469,0.267175,0.289508,0.248246,0.271555
0.179596,0.236323,0.286638,0.214844,0.28783
0.273821,0.509261,0.421013,0.454866,0.320996
0.168855,0.232348,0.196446,0.219018,0.213133
0.210312,0.257641,0.323259,0.257618,0.333286
0.22013,0.290567,0.32856,0.283676,0.312837
0.102488,0.206397,0.223405,0.103918,0.10434
0.226072,0.28948,0.316323,0.310144,0.311221
0.133827,0.148645,0.145899,0.114145,0.112155
0.282603,0.390329,0.387785,0.327251,0.376675
0.128246,0.185224,0.155787,0.134052,0.114278
0.178779,0.214949,0.267325,0.199961,0.299821
0.116216,0.200375,0.188964,0.131215,0.141117
0.289406,0.325765,0.257983,0.248911,0.240601
0.195417,0.270297,0.28675,0.226944,0.287348
0.213123,0.270613,0.313898,0.251124,0.331636
0.112745,0.196689,0.190118,0.144471,0.131142
0.242492,0.370541,0.307647,0.353867,0.276211
0.139882,0.105591,0.141645,0.147871,0.144864
0.27063,0.494754,0.437624,0.46853,0.28272
0.138977,0.113469,0.154222,0.15097,0.134125
0.136231,0.127072,0.151362,0.140824,0.106033
0.106944,0.175503,0.206703,0.129474,0.130797
0.189693,0.259397,0.270581,0.25769,0.231074
0.20732,0.279068,0.316437,0.23576,0.322378
0.112485,0.183408,0.191702,0.143329,0.120368
0.24735,0.343482,0.308475,0.324358,0.301096
0.186125,0.253997,0.273459,0.240256,0.255774
0.199634,0.27152,0.313442,0.214766,0.318444
0.183745,0.23573,0.280727,0.22757,0.282893
0.176145,0.1861,0.233399,0.201353,0.284439
0.206332,0.267231,0.320209,0.223991,0.35245
0.129496,0.161342,0.147736,0.121498,0.098874
0.134566,0.145836,0.133183,0.134302,0.121968
0.263739,0.303974,0.451972,0.336057,0.227147
0.279762,0.465694,0.408892,0.376991,0.366099
0.170929,0.213363,0.182844,0.221682,0.242706
0.151441,0.154807,0.212547,0.169048,0.162617
0.22236,0.289534,0.3188,0.290226,0.308294
0.177659,0.197773,0.270058,0.200266,0.291667
0.104823,0.191875,0.206083,0.126562,0.123699
0.129669,0.159488,0.157294,0.122514,0.127211
0.236035,0.36413,0.305201,0.360251,0.270364
0.225196,0.308079,0.318174,0.285478,0.29243
0.105148,0.179704,0.211793,0.127855,0.121398
0.142175,0.104992,0.143874,0.170598,0.137461
0.143904,0.097345,0.131611,0.150944,0.155323
0.22766,0.307124,0.301379,0.311072,0.290502
0.103745,0.178314,0.219148,0.123924,0.108942
0.119781,0.203328,0.160932,0.13493,0.137832
0.251984,0.282982,0.329175,0.291067,0.294859
0.133923,0.140671,0.134184,0.120245,0.118371
0.224022,0.285338,0.319358,0.301336,0.298188
0.145255,0.079311,0.1345,0.159002,0.156276
0.118894,0.215059,0.175098,0.132933,0.136812
0.146203,0.088107,0.153177,0.157399,0.143172
0.237231,0.367639,0.308835,0.371517,0.277306
0.262582,0.258219,0.454784,0.310839,0.227085
0.257742,0.19592,0.412253,0.236642,0.260652
0.175465,0.185524,0.228614,0.215374,0.266742
0.226936,0.317617,0.301059,0.311999,0.301467
0.138947,0.113737,0.124941,0.148102,0.131772
0.155698,0.285672,0.271139,0.185294,0.195891
0.270304,0.493536,0.423562,0.458742,0.281681
0.10247,0.213645,0.218579,0.124343,0.114784
0.116247,0.20058,0.175546,0.137187,0.14846
0.139498,0.116317,0.145725,0.139951,0.139082
0.105041,0.188007,0.208309,0.123032,0.114372
0.134473,0.131144,0.141891,0.133692,0.133624
0.210778,0.263826,0.324943,0.259405,0.32696
0.180071,0.203954,0.287094,0.215029,0.281606
0.269608,0.477745,0.440774,0.445681,0.271858
0.255314,0.214909,0.377817,0.271777,0.264911
0.164945,0.317992,0.234054,0.22212,0.222559
0.14929,0.110344,0.177736,0.168531,0.135827
0.172142,0.196657,0.200876,0.21465,0.248346
0.212156,0.267119,0.309945,0.257886,0.329356
0.150932,0.135942,0.190782,0.169539,0.156543
0.218588,0.283866,0.317284,0.280652,0.324897
0.177788,0.190447,0.262289,0.215341,0.291362
0.204889,0.266944,0.331183,0.234766,0.338257
0.182864,0.243385,0.299865,0.220236,0.276208
0.155948,0.275004,0.280464,0.181453,0.196488
0.280206,0.432092,0.387995,0.374792,0.379992
0.245085,0.36841,0.300729,0.352887,0.290019
0.126622,0.181578,0.165665,0.117908,0.111858
0.265009,0.337426,0.454387,0.368572,0.233995
0.192612,0.268251,0.279709,0.262703,0.241095
0.269965,0.480422,0.453207,0.449298,0.275011
0.251972,0.281691,0.333514,0.274954,0.293783
0.180791,0.220545,0.289619,0.211548,0.292833
0.104269,0.190098,0.221272,0.125636,0.114692
0.151049,0.147881,0.19561,0.159027,0.166514
0.202911,0.284147,0.329266,0.233495,0.333023
0.220361,0.28099,0.313935,0.280853,0.320759
0.148999,0.09615,0.181118,0.158068,0.146196
0.126478,0.189868,0.14872,0.108346,0.111214
0.258637,0.198157,0.433955,0.238209,0.25678
0.287036,0.31329,0.312045,0.261172,0.318756
0.199881,0.278837,0.310252,0.205141,0.324988
0.132619,0.142544,0.149565,0.134104,0.115598
0.151738,0.159187,0.188227,0.164515,0.159192
0.103494,0.199705,0.220064,0.145754,0.131486
0.273717,0.508492,0.43424,0.481854,0.320072
0.122373,0.207819,0.158047,0.125525,0.138327
0.209538,0.257542,0.321663,0.244505,0.335757
0.15207,0.172978,0.225965,0.175084,0.169777
0.205294,0.263236,0.323999,0.242762,0.344024
0.22377,0.298392,0.304434,0.28099,0.304242
0.257651,0.204222,0.420779,0.231373,0.254892
0.13922,0.107254,0.156166,0.143253,0.139583
0.102089,0.218168,0.218845,0.117444,0.080846
0.126008,0.179531,0.164135,0.124346,0.119388
0.271004,0.498102,0.444827,0.473491,0.275907
0.266039,0.371023,0.443472,0.374964,0.257707
0.213508,0.279146,0.313778,0.23864,0.327672
0.214098,0.263755,0.32745,0.265513,0.3169
0.226357,0.299378,0.323181,0.302408,0.29618
0.133321,0.143436,0.150303,0.112099,0.108974
0.273738,0.504527,0.420064,0.464422,0.314639
0.179566,0.217016,0.296969,0.215246,0.292641
0.172796,0.182382,0.197081,0.213394,0.264346
0.198594,0.263841,0.311452,0.221887,0.304969
0.108924,0.174694,0.201992,0.135182,0.133932
0.131594,0.159328,0.160324,0.120167,0.101221
0.240226,0.392962,0.318001,0.353969,0.280038
0.115732,0.201771,0.182405,0.132656,0.150606
0.214599,0.265221,0.321302,0.264063,0.329429
0.146616,0.085348,0.150624,0.157506,0.143016
0.173966,0.201502,0.218193,0.213066,0.268278
0.154852,0.24372,0.23553,0.172329,0.196174
0.167578,0.264801,0.206151,0.220383,0.230652
0.236619,0.374044,0.31619,0.344439,0.273499
0.156453,0.300759,0.26916,0.190114,0.187809
0.207617,0.263766,0.327223,0.249358,0.331171
0.19045,0.266413,0.261711,0.243287,0.242535
0.226098,0.279464,0.324026,0.302797,0.306168
0.277998,0.477575,0.424643,0.414415,0.354184
0.239189,0.372096,0.30945,0.375396,0.27094
0.140839,0.089906,0.138387,0.147851,0.139941
0.105925,0.18922,0.207583,0.123674,0.118331
0.14983,0.127886,0.174283,0.143811,0.151663
0.213065,0.262597,0.319308,0.256863,0.316363
0.109771,0.192166,0.190627,0.154052,0.14657
0.19431,0.280846,0.272865,0.246649,0.262028
0.2134,0.274772,0.32266,0.256717,0.333494
0.163506,0.354027,0.27301,0.219914,0.218739
0.246473,0.358441,0.287317,0.3354,0.298174
0.120254,0.208302,0.174571,0.124986,0.145632
0.114276,0.185186,0.178189,0.145981,0.148695
0.238356,0.372638,0.316088,0.366779,0.264217
0.194143,0.260892,0.287277,0.245306,0.267748
0.230796,0.343559,0.308144,0.327862,0.274298
0.182617,0.22525,0.292497,0.231816,0.277335
0.146816,0.086496,0.147266,0.160387,0.151335
0.255629,0.219178,0.377383,0.245707,0.275737
0.251889,0.27466,0.322637,0.290562,0.289623
0.231992,0.348109,0.303526,0.3384,0.272764
0.151708,0.154116,0.203127,0.159404,0.16446
0.212144,0.263968,0.305696,0.247508,0.330195
0.168585,0.237327,0.194069,0.207316,0.216524
0.117401,0.196074,0.172247,0.140199,0.152084
0.27429,0.500989,0.423583,0.444768,0.317171
0.125996,0.183598,0.154132,0.110559,0.127369
0.280545,0.428276,0.3954,0.349125,0.36215
0.184741,0.23116,0.285737,0.233091,0.239131
